<?xml version="1.0" encoding="UTF-8"?>
<project-private xmlns="http://www.netbeans.org/ns/project-private/1">
    <editor-bookmarks xmlns="http://www.netbeans.org/ns/editor-bookmarks/2" lastBookmarkId="0"/>
    <open-files xmlns="http://www.netbeans.org/ns/projectui-open-files/2">
        <group>
            <file>file:/D:/mega/U.S.B/7mo-semestre/Analisis-diseño-algoritmos/python_vs_java/ArbolPatologias-java/src/Arbol/Arbol.java</file>
            <file>file:/D:/mega/U.S.B/7mo-semestre/Analisis-diseño-algoritmos/python_vs_java/ArbolPatologias-java/src/Arbol/Nodo.java</file>
            <file>file:/D:/mega/U.S.B/7mo-semestre/Analisis-diseño-algoritmos/python_vs_java/ArbolPatologias-java/src/Main/Main.java</file>
        </group>
    </open-files>
</project-private>
